Area,P Code,Address 1,Address 2,Address 3,Address 4,Address 5,Address 6,"Primary
Care
Network",PCN Code,"Practice to PCN
Relationship
Start Date",Place,Postcode,Grid Reference,X (easting),Y (northing),Latitude,Longitude
Blackburn With Darwen,P81005,Little Harwood Health Centre,Plane Tree Road,Little Harwood,,Blackburn,BB1 6PH,Blackburn West,U34816,20191001,Blackburn With Darwen,BB1 6PH,SD 69291 29248,369291,429248,53.758677,-2.4672628
Blackburn With Darwen,P81022,Witton Medical Centre,29/31 Preston Old Road,Witton,,Blackburn,BB2 2SU,Blackburn West,U34816,20191001,Blackburn With Darwen,BB2 2SU,SD 66622 27214,366622,427214,53.740232,-2.5075231
Blackburn With Darwen,P81051,Darwen Healthcare,Darwen Health Centre,James Street West,,Darwen,BB3 1PY,Darwen,U88348,20191001,Blackburn With Darwen,BB3 1PY,SD 68969 22245,368969,422245,53.695717,-2.4714416
Blackburn With Darwen,P81058,St Georges Surgery,St Georges Surgery,62 Haslingden Road,,Blackburn,BB2 3HS,Blackburn East,U48502,20191001,Blackburn With Darwen,BB2 3HS,SD 68720 27015,368720,427015,53.738574,-2.4756964
Blackburn With Darwen,P81061,Redlam Surgery,62/64 Redlam Street,Redlam,,Blackburn,BB2 1UW,Blackburn West,U34816,20191001,Blackburn With Darwen,BB2 1UW,SD 66867 27474,366867,427474,53.742584,-2.5038368
Blackburn With Darwen,P81125,Oakenhurst Surgery,Barbara Castle Way Health Centre,Oakenhurst Road,,Blackburn,BB2 1AX,Blackburn West,U34816,20191001,Blackburn With Darwen,BB2 1AX,SD 68004 28318,368004,428318,53.750241,-2.4866862
Blackburn With Darwen,P81140,Darwen Healthlink,Darwen Health Centre,James Street West,,Darwen,BB3 1PY,Darwen,U88348,20191001,Blackburn With Darwen,BB3 1PY,SD 68969 22245,368969,422245,53.695717,-2.4714416
Blackburn With Darwen,P81155,Brownhill Surgery,790 Whalley New Road,,,Blackburn,BB1 9BA,Blackburn North,U69841,20191001,Blackburn With Darwen,BB1 9BA,SD 68516 31096,368516,431096,53.77524,-2.4792065
Blackburn With Darwen,P81167,Stepping Stone Practice,Audley Health Centre,Longton Close,,Blackburn,BB1 1XA,Blackburn East,U48502,20191001,Blackburn With Darwen,BB1 1XA,SD 69984 28009,369984,428009,53.747582,-2.4566312
Blackburn With Darwen,P81214,Limefield Surgery,293 Preston New Road,,,Blackburn,BB2 6PL,Blackburn West,U34816,20191001,Blackburn With Darwen,BB2 6PL,SD 66869 28286,366869,428286,53.749882,-2.5038938
Blackburn With Darwen,P81622  ,Shifa Surgery,Bangor Street Health Centre,Bangor Street,,Blackburn,BB1 6DY,Blackburn North,U69841,20191001,Blackburn With Darwen,BB1 6DY,SD 68723 29104,368723,429104,53.757349,-2.4758631
Blackburn With Darwen,P81633,Spring-Fenisco Healthlink,Springfield Surgery,102 Bolton Road,,Darwen,BB3 1BZ,Darwen,U88348,20191001,Blackburn With Darwen,BB3 1BZ,SD 69282 21726,369282,421726,53.691071,-2.4666498
Blackburn With Darwen,P81683,Olive Medical Practice,3 Lime Street,,,Blackburn,BB1 7EP,Blackburn North,U69841,20191001,Blackburn With Darwen,BB1 7EP,SD 68170 28547,368170,428547,53.752309,-2.4841926
Blackburn With Darwen,P81694,The Family Practice,The Barbara Castle Way Health Centre,Simmons Street,,Blackburn,BB2 1AX,Blackburn West,U34816,20191001,Blackburn With Darwen,BB2 1AX,SD 68004 28318,368004,428318,53.750241,-2.4866862
Blackburn With Darwen,P81704,Blakewater Healthcare - Roelee Surgery,367 Whalley New Road,,,Blackburn,BB1 9SR,Blackburn North,U69841,20191001,Blackburn With Darwen,BB1 9SR,SD 68855 29941,368855,429941,53.76488,-2.4739459
Blackburn With Darwen,P81707,William Hopwood Surgery,William Hopwood Street,Audley,,Blackburn,BB1 1LX,Blackburn East,U48502,20191001,Blackburn With Darwen,BB1 1LX,SD 69444 27892,369444,427892,53.746499,-2.4648076
Blackburn With Darwen,P81709,Roman Road Health Centre,Roman Road Health Centre,Off Fishmoor Drive,,Blackburn,BB2 3UY,Blackburn East,U48502,20191001,Blackburn With Darwen,BB2 3UY,SD 68944 25886,368944,425886,53.72844,-2.4721868
Blackburn With Darwen,P81721,Hollins Grove Surgery,153 Blackburn Road,,,Darwen,BB3 1ET,Blackburn North,U69841,20191001,Blackburn With Darwen,BB3 1ET,SD 68578 23320,368578,423320,53.705355,-2.4774725
Blackburn With Darwen,P81724,Pringle Street Surgery,Pringle Street Surgery,216-218 Pringle Street,,Blackburn,BB1 1SB,Blackburn East,U48502,20191001,Blackburn With Darwen,BB1 1SB,SD 69257 27398,369257,427398,53.742048,-2.4675938
Blackburn With Darwen,P81734,The Cornerstone Practice,Shadsworth Surgery,Shadsworth Road,,Blackburn,BB1 2HR,Blackburn East,U48502,20191001,Blackburn With Darwen,BB1 2HR,SD 70259 27073,370259,427073,53.739185,-2.4523709
Blackburn With Darwen,P81771,Dr R C Rautray's Practice,Primrose Bank Medical Centre,Primrose Bank,Larkhill,Blackburn,BB1 5ER,Blackburn North,U69841,20191001,Blackburn With Darwen,BB1 5ER,SD 68744 28571,368744,428571,53.75256,-2.4754905
Blackburn With Darwen,Y02657,Bentham Road Health Centre,Bentham Road Health Centre,Bentham Road,,Blackburn,BB2 4QD,Blackburn East,U48502,20191001,Blackburn With Darwen,BB2 4QD,SD 66697 26141,366697,426141,53.730593,-2.5062701
Blackpool,P81016,Waterloo Medical Centre,178 Waterloo Road,South Shore,,Blackpool,FY4 3AD,Blackpool South Central,U64436,20230401,Blackpool,FY4 3AD,SD 31504 34225,331504,434225,53.799798,-3.0414344
Blackpool,P81042,Adelaide Street Surgery,118 Adelaide Street,,,Blackpool,FY1 4LN,Blackpool Central West,U47882,20191001,Blackpool,FY1 4LN,SD 31066 36178,331066,436178,53.817291,-3.0485212
Blackpool,P81043,South King Street Medical Centre,The Medical Practice,25 South King Street,,Blackpool,FY1 4NF,Blackpool Central West,U47882,20191001,Blackpool,FY1 4NF,SD 31109 36120,331109,436120,53.816775,-3.0478551
Blackpool,P81054,Marton Medical Practice,Whitegate Health Centre,Whitegate Drive,,Blackpool,FY3 9ES,Blackpool Central,U97645,20191001,Blackpool,FY3 9ES,SD 31979 35674,331979,435674,53.812882,-3.0345445
Blackpool,P81063,St Pauls Medical Centre,Dickson Road,,,Blackpool,FY1 2HH,Blackpool Central West,U47882,20191001,Blackpool,FY1 2HH,SD 30777 37452,330777,437452,53.828701,-3.0531971
Blackpool,P81066,Layton Medical Centre,200 Kingscote Drive,,,Blackpool,FY3 7EN,Blackpool Central,U97645,20191001,Blackpool,FY3 7EN,SD 32476 37283,332476,437283,53.827406,-3.0273514
Blackpool,P81072,Glenroyd Medical Centre,Moor Park Health & Leisure Centre,Bristol Avenue,,Bispham,FY2 0JG,Blackpool North,U82077,20191001,Blackpool,FY2 0JG,SD 32108 39753,332108,439753,53.849555,-3.0334879
Blackpool,P81073,Cleveleys Group Practice,Kelso Avenue,Cleveleys,,Thornton-Cleveleys,FY5 3LF,Torentum,U87975,20200601,Blackpool,FY5 3LF,SD 31554 42606,331554,442606,53.87512,-3.042545
Blackpool,P81074,Highfield Surgery,South Shore Primary Care Centre,Lytham Road,,Blackpool,FY4 1TJ,Blackpool South,U45809,20191001,Blackpool,FY4 1TJ,SD 31082 32184,331082,432184,53.781401,-3.0473831
Blackpool,P81081,Arnold Medical Centre,204 St. Annes Road,,,Blackpool,FY4 2EF,Blackpool South,U45809,20191001,Blackpool,FY4 2EF,SD 31713 33096,331713,433096,53.78968,-3.0380111
Blackpool,P81092,Crescent Surgery,Kelso Avenue,Cleveleys,,Thornton-Cleveleys,FY5 3LF,Torentum,U87975,20200601,Blackpool,FY5 3LF,SD 31554 42606,331554,442606,53.87512,-3.042545
Blackpool,P81115,Bloomfield Medical Centre,118-120 Bloomfield Road,,,Blackpool,FY1 6JW,Blackpool South Central,U64436,20230401,Blackpool,FY1 6JW,SD 31379 34744,331379,434744,53.804446,-3.0434477
Blackpool,P81159,Stonyhill Medical Practice,South Shore Primary Care Centre,Lytham Road,,Blackpool,FY4 1TJ,Blackpool South,U45809,20191001,Blackpool,FY4 1TJ,SD 31082 32184,331082,432184,53.781401,-3.0473831
Blackpool,P81172,Newton Drive Health Centre,Newton Drive,,,Blackpool,FY3 8NX,Blackpool Central,U97645,20191001,Blackpool,FY3 8NX,SD 33315 37027,333315,437027,53.825214,-3.0145514
Blackpool,P81681,North Shore Surgery,Moor Park Health & Leisure Centre,Bristol Avenue,,Bispham,FY2 0JG,Blackpool North,U82077,20191001,Blackpool,FY2 0JG,SD 32108 39753,332108,439753,53.849555,-3.0334879
Blackpool,P81714,Abbey Dale Medical Centre,50 Common Edge Road,Marton,,Blackpool,FY4 5AU,Blackpool South,U45809,20191001,Blackpool,FY4 5AU,SD 32609 32934,332609,432934,53.788341,-3.0243776
Chorley & South Ribble,P81010,Withnell Health Centre,20 Railway Road,Withnell,,Chorley,PR6 8UA,Chorley Together,U57096,20220501,Lancashire - Central,PR6 8UA,SD 63317 21961,363317,421961,53.692797,-2.5570034
Chorley & South Ribble,P81033,Coppull Medical Practice,Acreswood Surgery,5 Acreswood Close,,Coppull,PR7 5EN,Chorley Central,U01901,20191001,Lancashire - Central,PR7 5EN,SD 56279 13890,356279,413890,53.619715,-2.6624408
Chorley & South Ribble,P81038,The Chorley Surgery,24-26 Gillibrand Street,,,Chorley,PR7 2EJ,Chorley Central,U01901,20191001,Lancashire - Central,PR7 2EJ,SD 58294 17393,358294,417393,53.651363,-2.6324514
Chorley & South Ribble,P81044,Library House Surgery,Avondale Road,, ,Chorley,PR7 2AD,Chorley Central,U01901,20191001,Lancashire - Central,PR7 2AD,SD 58203 17320,358203,417320,53.6507,-2.6338182
Chorley & South Ribble,P81057,Worden Medical Centre,West Paddock,Leyland,,Preston,PR25 1HR,Leyland,U05906,20191001,Lancashire - Central,PR25 1HR,SD 53256 21700,353256,421700,53.689645,-2.709316
Chorley & South Ribble,P81062,Regent House Surgery,19-21 Regent Road,,,Chorley,PR7 2DH,Chorley Central,U01901,20191001,Lancashire - Central,PR7 2DH,SD 58113 17303,358113,417303,53.65054,-2.6351774
Chorley & South Ribble,P81076,Sandy Lane Surgery,Sandy Lane,Leyland,,Preston,PR25 2EB,Leyland,U05906,20191001,Lancashire - Central,PR25 2EB,SD 54218 21669,354218,421669,53.689452,-2.6947452
Chorley & South Ribble,P81082,The Ryan Medical Centre,St Mary's Road,Bamber Bridge,,Preston,PR5 6JD,Bridgedale Medical Services Limited,U34632,20191001,Lancashire - Central,PR5 6JD,SD 56320 26206,356320,426206,53.730409,-2.6635589
Chorley & South Ribble,P81083,Roslea Surgery,51 Station Road,Bamber Bridge,,Preston,PR5 6PE,Bridgedale Medical Services Limited,U34632,20191001,Lancashire - Central,PR5 6PE,SD 56390 26582,356390,426582,53.733794,-2.6625511
Chorley & South Ribble,P81117,Central Park Surgery,Balfour Street,Leyland,,Preston,PR25 2TD,Leyland,U05906,20191001,Lancashire - Central,PR25 2TD,SD 54137 22322,354137,422322,53.695314,-2.6960685
Chorley & South Ribble,P81127,The Surgery - Chorley,32-34 St Thomas' Road,,,Chorley,PR7 1HR,Chorley Together,U57096,20220501,Lancashire - Central,PR7 1HR,SD 58077 17660,358077,417660,53.653746,-2.6357703
Chorley & South Ribble,P81143,Whittle Surgery,239 Preston Road,Whittle-Le-Woods,,Chorley,PR6 7PY,Chorley Together,U57096,20220501,Lancashire - Central,PR6 7PY,SD 57918 22114,357918,422114,53.693764,-2.6387813
Chorley & South Ribble,P81154,Granville House Medical Centre,Granville Street,Adlington,,Chorley,PR6 9PY,Chorley Central,U01901,20191001,Lancashire - Central,PR6 9PY,SD 60507 13361,360507,413361,53.615297,-2.5984594
Chorley & South Ribble,P81171,The Euxton Medical Centre,St.Mary's Gate,Euxton,,Chorley,PR7 6AH,Chorley Central,U01901,20191001,Lancashire - Central,PR7 6AH,SD 55375 19397,355375,419397,53.669133,-2.6768987
Chorley & South Ribble,P81180,Clayton Brook Surgery,Tunley Holme,Clayton Brook,,Bamber Bridge,PR5 8ES,Leyland,U05906,20220501,Lancashire - Central,PR5 8ES,SD 58032 24165,358032,424165,53.712206,-2.6373336
Chorley & South Ribble,P81181,Kingsfold Medical Centre,Woodcroft Close,Penwortham,,Preston,PR1 9BX,Greater Preston Medical Group,U09100,20230401,Lancashire - Central,PR1 9BX,SD 52344 26852,352344,426852,53.735866,-2.72392
Chorley & South Ribble,P81186,Moss Side Medical Centre,16 Moss Side Way,Moss Side,,Leyland,PR26 7XL,Leyland,U05906,20191001,Lancashire - Central,PR26 7XL,SD 52147 21795,352147,421795,53.690399,-2.7261227
Chorley & South Ribble,P81655,Croston Village Surgery,Out Lane,Croston,,Preston,PR26 9HJ,Leyland,U05906,20191001,Lancashire - Central,PR26 9HJ,SD 49046 18671,349046,418671,53.662028,-2.772563
Chorley & South Ribble,P81687,New Longton Surgery,2 Churchside,New Longton,,Preston,PR4 4LU,Bridgedale Medical Services Limited,U34632,20230401,Lancashire - Central,PR4 4LU,SD 51032 25570,351032,425570,53.724222,-2.743604
Chorley & South Ribble,P81692,Beeches Medical Centre,Liverpool Road,Longton,,Preston,PR4 5AB,Preston and South Ribble,U49070,,Lancashire - Central,PR4 5AB,SD 47942 25762,347942,425762,53.725648,-2.7904615
Chorley & South Ribble,P81701,Dr Dawoud's Surgery,652 Preston Road,Clayton-Le-Woods,,Chorley,PR6 7EH,Chorley Together,U57096,20220501,Lancashire - Central,PR6 7EH,SD 57778 23954,357778,423954,53.710289,-2.6411528
Chorley & South Ribble,P81740,Adlington Medical Centre,22-24 Babylon Lane,Adlington,,Chorley,PR6 9NW,Chorley and South Ribble Health,U10791,20191001,Lancashire - Central,PR6 9NW,SD 60668 13717,360668,413717,53.618509,-2.5960709
Chorley & South Ribble,P81741,Station Surgery,8 Golden Hill Lane (temporarily located to Leyland Surgery),,,Leyland,PR25 3NP,Chorley Together,U57096,20220501,Lancashire - Central,PR25 3NP,SD 54501 22620,354501,422620,53.698024,-2.6906
Chorley & South Ribble,Y00347,Dr R Baghdjian Surgery,Chorley Health Centre,Collison Avenue,,Chorley,PR7 2TH,Chorley Together,U57096,20220501,Lancashire - Central,PR7 2TH,SD 58046 17529,358046,417529,53.652566,-2.6362215
Chorley & South Ribble,Y02466,Buckshaw Village Surgery,Oakbridge Drive,Buckshaw Village,,Chorley,PR7 7EP,Chorley and South Ribble Health,U10791,20191001,Lancashire - Central,PR7 7EP,SD 56169 20617,356169,420617,53.680165,-2.6650547
Chorley & South Ribble,Y03656,Leyland Surgery,West Paddock,,,Leyland,PR25 1HR,Chorley Together,U57096,20220501,Lancashire - Central,PR25 1HR,SD 53256 21700,353256,421700,53.689645,-2.709316
East Lancashire,P81003,St James' Medical Centre,Burnley Road,Rawtenstall,,Rossendale,BB4 8HH,Rossendale West,U31504,20191001,Lancashire - East,BB4 8HH,SD 80988 23656,380988,423656,53.708977,-2.2895043
East Lancashire,P81008,Yorkshire Street Surgery,80 Yorkshire Street,,,Burnley,BB11 3BT,Burnley East,U31823,20191001,Lancashire - East,BB11 3BT,SD 84638 32556,384638,432556,53.789091,-2.2346541
East Lancashire,P81017,Sabden & Whalley Medical Group,Whalley Medical Centre,42 King Street,Whalley,Blackburn,BB7 9SL,Ribblesdale,U11269,20191001,Lancashire - East,BB7 9SL,SD 73346 36026,373346,436026,53.81982,-2.4063485
East Lancashire,P81020,Burnley Group Practice,St Peters Health Centre,Church Street,,Burnley,BB11 2DL,Burnley West,U69695,20191001,Lancashire - East,BB11 2DL,SD 84357 32807,384357,432807,53.791339,-2.2389321
East Lancashire,P81025,Richmond Hill Practice Limited,Colne Health Centre,Craddock Road,,Colne,BB8 0JZ,Pendle East,U21400,20191001,Lancashire - East,BB8 0JZ,SD 89174 40028,389174,440028,53.856364,-2.1660703
East Lancashire,P81027,Irwell Medical Practice,Irwell Mill,Rochdale Road,,Bacup,OL13 9NR,Rossendale East,U81405,20191001,Lancashire - East,OL13 9NR,SD 87008 22608,387008,422608,53.699744,-2.1982593
East Lancashire,P81032,Reedyford Health Care Group,Yarnspinners Primary Health Care Centre,Yarnspinners Wharf,,Nelson,BB9 7SR,Pendle West,U08086,20191001,Lancashire - East,BB9 7SR,SD 85696 37999,385696,437999,53.838042,-2.2188503
East Lancashire,P81035,Colne Road Surgery,Colne Road Surgery,36 Colne Road,,Burnley,BB10 1LG,Burnley East,U31823,20191001,Lancashire - East,BB10 1LG,SD 84373 33614,384373,433614,53.798592,-2.2387305
East Lancashire,P81036,Peel House Medical Practice,Peel House Medical Centre,Accrington PALS,1 Paradise Street,Accrington,BB5 2EJ,Hyndburn Central,U96653,20191001,Lancashire - East,BB5 2EJ,SD 75963 28343,375963,428343,53.750895,-2.3659961
East Lancashire,P81047,Parkside Surgery,Prestige Park,Colne Road,,Burnley,BB11 1PS,Burnley East,U31823,20191001,Lancashire - East,BB11 1PS,SD 84212 33212,384212,433212,53.794974,-2.241154
East Lancashire,P81053,Briercliffe Surgery,Briercliffe Medical Centre,357 Briercliffe Road,,Burnley,BB10 2EZ,Burnley East,U31823,20191001,Lancashire - East,BB10 2EZ,SD 86081 34921,386081,434921,53.810388,-2.2128594
East Lancashire,P81065,The Pendle Medical Partnership,Earby Surgery,Edward Street,Earby,Barnoldswick,BB18 6QT,Pendle East,U21400,20191001,Lancashire - East,BB18 6QT,SD 90620 46654,390620,446654,53.915945,-2.1442923
East Lancashire,P81069,Pendleside Medical Practice,Clitheroe Health Centre,Railway View Road,,Clitheroe,BB7 2JG,Ribblesdale,U11269,20191001,Lancashire - East,BB7 2JG,SD 74245 42044,374245,442044,53.873954,-2.3932002
East Lancashire,P81070,Pendle View Medical Centre,47 Arthur Street,Brierfield,,Nelson,BB9 5RZ,Pendle West,U08086,20191001,Lancashire - East,BB9 5RZ,SD 84809 36664,384809,436664,53.826018,-2.2322629
East Lancashire,P81078,Barnoldswick Medical Centre,Park Road,Barnoldswick,,Colne,BB18 5BG,Pendle East,U21400,20191001,Lancashire - East,BB18 5BG,SD 87891 46578,387891,446578,53.915205,-2.1858368
East Lancashire,P81088,Whitworth Medical Centre,Market Street,Whitworth,,Rossendale,OL12 8QS,Rossendale East,U81405,20191001,Lancashire - East,OL12 8QS,SD 88602 18318,388602,418318,53.661222,-2.1739569
East Lancashire,P81095,Thursby Surgery,2 Browhead Road,,,Burnley,BB10 3BF,Burnley East,U31823,20191001,Lancashire - East,BB10 3BF,SD 84838 33843,384838,433843,53.800664,-2.2316823
East Lancashire,P81099,Haslingden Healthcare Limited,Haslingden Health Centre,Manchester Road,Haslingden,Rossendale,BB4 5SL,Rossendale West,U31504,20191001,Lancashire - East,BB4 5SL,SD 78655 23116,378655,423116,53.704033,-2.3248106
East Lancashire,P81100,The Castle Medical Group,The Health Centre,Railway View Road,,Clitheroe,BB7 2JG,Ribblesdale,U11269,20191001,Lancashire - East,BB7 2JG,SD 74245 42044,374245,442044,53.873954,-2.3932002
East Lancashire,P81118,Ilex View Medical Practice,Rossendale Primary Health Care Centre,161 Bacup Road,Rawtenstall,Rossendale,BB4 7PL,Rossendale West,U31504,20191001,Lancashire - East,BB4 7PL,SD 81580 22805,381580,422805,53.70135,-2.2804849
East Lancashire,P81123,PWE Pendle Valley Mills,Yarnspinners Primary Health Care Centre,Yarnspinners Wharf,,Nelson,BB9 7SR,Pendle West,U08086,20191001,Lancashire - East,BB9 7SR,SD 85696 37999,385696,437999,53.838042,-2.2188503
East Lancashire,P81130,Padiham Group Practice,36 Burnley Road,Padiham,,Burnley,BB12 8BP,Burnley West,U69695,20191001,Lancashire - East,BB12 8BP,SD 79429 33851,379429,433851,53.800549,-2.3138052
East Lancashire,P81132,Waterfoot Medical Practice,Waterfoot Health Centre,Cowpe Road,Waterfoot,Rossendale,BB4 7DN,Rossendale East,U81405,20191001,Lancashire - East,BB4 7DN,SD 83460 21671,383460,421671,53.691221,-2.2519479
East Lancashire,P81137,Burnleywood Medical Centre,50 Parliament Street,,,Burnley,BB11 3HR,Burnley East,U31823,20191001,Lancashire - East,BB11 3HR,SD 84564 32012,384564,432012,53.7842,-2.2357499
East Lancashire,P81147,Blackburn Road Medical Practice,257 Blackburn Road,,,Accrington,BB5 0AL,Hyndburn Central,U96653,20191001,Lancashire - East,BB5 0AL,SD 75346 28556,375346,428556,53.752781,-2.3753697
East Lancashire,P81160,Oswald Medical Centre Limited,274 Union Road,Oswaldtwistle,,Blackburn,BB5 3JB,Hyndburn Central,U96653,20191001,Lancashire - East,BB5 3JB,SD 73942 27496,373942,427496,53.743185,-2.3965717
East Lancashire,P81165,Ightenhill Medical Centre,Tabor Street,, ,Burnley,BB12 0HL,Burnley West,U69695,20191001,Lancashire - East,BB12 0HL,SD 82494 33038,382494,433038,53.793355,-2.2672242
East Lancashire,P81166,Dill Hall Surgery,6-8 Church Street,,,Accrington,BB5 4LF,Hyndburn Rural,U09057,20191001,Lancashire - East,BB5 4LF,SD 74327 28808,374327,428808,53.754996,-2.390844
East Lancashire,P81170,Nelson Medical Practice,Yarnspinners Primary Health Care Centre,Yarnspinners Wharf,,Nelson,BB9 7SR,Pendle West,U08086,20191001,Lancashire - East,BB9 7SR,SD 85696 37999,385696,437999,53.838042,-2.2188503
East Lancashire,P81182,Richmond Medical Centre,Acorn Primary Health Care Centre,421 Blackburn Road,,Accrington,BB5 1RT,Hyndburn Central,U96653,20191001,Lancashire - East,BB5 1RT,SD 74728 28510,374728,428510,53.752338,-2.384738
East Lancashire,P81197,Rosegrove Surgery,225-227 Gannow Lane,,,Burnley,BB12 6HY,Burnley West,U69695,20191001,Lancashire - East,BB12 6HY,SD 81665 32571,381665,432571,53.789129,-2.2797804
East Lancashire,P81212,Hazelvalley Limited,The Surgery,7-9 Manchester Road,Haslingden,Rossendale,BB4 5SL,Rossendale West,U31504,20191001,Lancashire - East,BB4 5SL,SD 78655 23116,378655,423116,53.704033,-2.3248106
East Lancashire,P81218,Clayton Medical Centre,Wellington Street,Clayton Le Moors,,Accrington,BB5 5HU,Hyndburn Rural,U09057,20191001,Lancashire - East,BB5 5HU,SD 74788 30957,374788,430957,53.774334,-2.3840288
East Lancashire,P81620,Slaidburn Health Centre,Shay Lane,Slaidburn,,Clitheroe,BB7 3EP,Ribblesdale,U11269,20191001,Lancashire - East,BB7 3EP,SD 71027 52445,371027,452445,53.967262,-2.4431316
East Lancashire,P81686,Rossendale Valley Medical Practice,Haslingden Health Centre,Manchester Road,Haslingden,Rossendale,BB4 5SL,Rossendale West,U31504,20191001,Lancashire - East,BB4 5SL,SD 78655 23116,378655,423116,53.704033,-2.3248106
East Lancashire,P81699,Higher Heys Surgery,Stonebridge House,Heys Lane,,Oswaldtwistle,BB5 3BP,Hyndburn Rural,U09057,20191001,Lancashire - East,BB5 3BP,SD 74104 27237,374104,427237,53.740865,-2.3940937
East Lancashire,P81711,Dill Hall Surgery,6-8 Church Street,Church,,Accrington,BB5 4LF,Hyndburn Rural,U09057,20191001,Lancashire - East,BB5 4LF,SD 74327 28808,374327,428808,53.754996,-2.390844
East Lancashire,P81726,King Street Medical Centre,King Street Surgery,43 King Street,,Accrington,BB5 1QE,Hyndburn Rural,U09057,20191001,Lancashire - East,BB5 1QE,SD 75739 28682,375739,428682,53.753932,-2.3694197
East Lancashire,P81730,Great Harwood Medical Group,Water Street,Great Harwood,,Blackburn,BB6 7QR,Hyndburn Rural,U09057,20191001,Lancashire - East,BB6 7QR,SD 73499 32524,373499,432524,53.788353,-2.4037219
East Lancashire,P81731,Dr Jehangir,Yarnspinners Primary Health Care Centre,Yarnspinners Wharf,,Nelson,BB9 7SR,Pendle West,U08086,20191001,Lancashire - East,BB9 7SR,SD 85696 37999,385696,437999,53.838042,-2.2188503
East Lancashire,P81732,Harambee Surgery,27 Skipton Road,Trawden,,Colne,BB8 8QU,Pendle East,U21400,20191001,Lancashire - East,BB8 8QU,SD 91099 39054,391099,439054,53.847647,-2.1367762
East Lancashire,P81736,Whitefield Healthcare,Yarnspinners Primary Health Care Centre,Yarnspinners Wharf,,Nelson,BB9 7SR,Pendle West,U08086,20191001,Lancashire - East,BB9 7SR,SD 85696 37999,385696,437999,53.838042,-2.2188503
East Lancashire,P81738,Rishton and Great Harwood Surgery,32 High Street,Rishton,,Blackburn,BB1 4LA,Hyndburn Rural,U09057,20191001,Lancashire - East,BB1 4LA,SD 72795 30313,372795,430313,53.768445,-2.4142113
East Lancashire,P81755,The Weavers Practice,The Cabin Surgery,High Street,Rishton,Blackburn,BB1 4LA,Hyndburn Rural,U09057,20191001,Lancashire - East,BB1 4LA,SD 72795 30313,372795,430313,53.768445,-2.4142113
East Lancashire,P81757,Barrowford Surgery,Ridgeway,Barrowford,,Nelson,BB9 8QP,Pendle East,U21400,20191001,Lancashire - East,BB9 8QP,SD 85375 39167,385375,439167,53.848531,-2.2237843
East Lancashire,P81780,Riverside Family Practice,St Peters Centre,Church Street,,Burnley,BB11 2DL,Burnley West,U69695,20191001,Lancashire - East,BB11 2DL,SD 84357 32807,384357,432807,53.791339,-2.2389321
East Lancashire,Y02605,Accrington Victoria Hospital,Heywood Road,, ,Accrington,BB5 6AS,Hyndburn Central,U96653,20191001,Lancashire - East,BB5 6AS,SD 75907 29310,375907,429310,53.759584,-2.3669211
East Lancashire,Y02606,PWE,Rossendale Primary Health Care Centre,Bacup Road,,Rawtenstall,BB4 7PL,Rossendale West,U31504,20200401,Lancashire - East,BB4 7PL,SD 81580 22805,381580,422805,53.70135,-2.2804849
Fylde & Wyre,P81006,Garstang Medical Practice,Garstang Medical Centre,Kepple Lane,,Garstang,PR3 1PB,Fylde and Wyre WREN,U63454,20191001,Lancashire - North,PR3 1PB,SD 48650 44868,348650,444868,53.897426,-2.7829267
Fylde & Wyre,P81031,Poplar House Surgery,Durham Avenue,,,Lytham St Annes,FY8 2EP,Fylde and Wyre LSA,U26788,20191001,Lancashire - North,FY8 2EP,SD 32131 29194,332131,429194,53.754669,-3.0308077
Fylde & Wyre,P81037,Ansdell Medical Centre,Albany Road,Lytham,,Lytham St Annes,FY8 4GW,Fylde and Wyre LSA,U26788,20191001,Lancashire - North,FY8 4GW,SD 34130 28492,334130,428492,53.748618,-3.0003453
Fylde & Wyre,P81059,Great Eccleston Health Centre,Raikes Road,Great Eccleston,,Preston,PR3 0ZA,Fylde and Wyre WREN,U63454,20191001,Lancashire - North,PR3 0ZA,SD 43008 40232,343008,440232,53.855172,-2.8679126
Fylde & Wyre,P81077,Holland House Surgery,Lytham Primary Care Centre,Victoria Street,Lytham,Lytham St Annes,FY8 5LL,Fylde and Wyre LSA,U26788,20191001,Lancashire - North,FY8 5LL,SD 36278 27152,336278,427152,53.736843,-2.967501
Fylde & Wyre,P81079,The Thornton Practice,Church Road,Thornton,,Thornton-Cleveleys,FY5 2TZ,Torentum,U87975,20200601,Lancashire - North,FY5 2TZ,SD 33397 42775,333397,442775,53.876879,-3.0145547
Fylde & Wyre,P81086,Broadway Medical Centre,Westview Health Village,Broadway,Fleetwood,Fleetwood,FY7 8GU,NHS Fylde and Wyre Fleetwood,U74229,20191001,Lancashire - North,FY7 8GU,SD 32189 46771,332189,446771,53.912632,-3.0338121
Fylde & Wyre,P81087,The Over-Wyre Medical Centre,Pilling Lane,Preesall,,Preesall,FY6 0FA,Fylde and Wyre WREN,U63454,20191001,Lancashire - North,FY6 0FA,SD 35978 48451,335978,448451,53.928212,-2.9764918
Fylde & Wyre,P81089,The Mount View Practice,Fleetwood Health and Wellbeing Centre,Dock Street,Fleetwood,Fleetwood,FY7 6HP,NHS Fylde and Wyre Fleetwood,U74229,20191001,Lancashire - North,FY7 6HP,SD 33748 47678,333748,447678,53.920984,-3.0102794
Fylde & Wyre,P81128,Kirkham Health Centre,Moor Street,Kirkham,,Preston,PR4 2DL,Fylde and Wyre WREN,U63454,20191001,Lancashire - North,PR4 2DL,SD 42232 32103,342232,432103,53.782032,-2.878179
Fylde & Wyre,P81129,Ash Tree House Surgery,Church Street,Kirkham,,Preston,PR4 2SE,Fylde and Wyre WREN,U63454,20191001,Lancashire - North,PR4 2SE,SD 42690 32258,342690,432258,53.783476,-2.8712581
Fylde & Wyre,P81133,The Village Practice,Thornton Health Centre,Church Road,Thornton,Thornton-Cleveleys,FY5 2TZ,Wyre Integrated Network,U82731,20191001,Lancashire - North,FY5 2TZ,SD 33397 42775,333397,442775,53.876879,-3.0145547
Fylde & Wyre,P81149,The Lockwood GP Surgery,Civic Centre,Breck Road,,Poulton-Le-Fylde,FY6 7PU,Wyre Integrated Network,U82731,20191001,Lancashire - North,FY6 7PU,SD 34987 39868,334987,439868,53.850957,-2.9897569
Fylde & Wyre,P81150,Parcliffe Medical Centre,Parcliffe Medical Centre,Durham Avenue,St Annes,Lytham St Annes,FY8 2EP,Fylde and Wyre LSA,U26788,20191001,Lancashire - North,FY8 2EP,SD 32131 29194,332131,429194,53.754669,-3.0308077
Fylde & Wyre,P81157,Fernbank Surgery,Lytham Primary Care Centre,Victoria Street,Lytham,Lytham St Annes,FY8 5DZ,Fylde and Wyre LSA,U26788,20191001,Lancashire - North,FY8 5DZ,SD 37412 27439,337412,427439,53.73956,-2.9503705
Fylde & Wyre,P81191,Queensway Medical Centre,Queensway Surgery,Queensway,,Poulton-Le-Fylde,FY6 7ST,Wyre Integrated Network,U82731,20191001,Lancashire - North,FY6 7ST,SD 34608 39387,334608,439387,53.846587,-2.9954146
Fylde & Wyre,P81668,Fleetwood Surgery,Westview Health Village,Broadway,,Fleetwood,FY7 8GU,NHS Fylde and Wyre Fleetwood,U74229,20191001,Lancashire - North,FY7 8GU,SD 32189 46771,332189,446771,53.912632,-3.0338121
Fylde & Wyre,P81742,Beechwood Surgery,Old Bank Medical Centre,155 Victoria Road East,,Thornton-Cleveleys,FY5 5HH,Wyre Integrated Network,U82731,20191001,Lancashire - North,FY5 5HH,SD 33765 42201,333765,442201,53.871768,-3.008834
Greater Preston,P81015,Lytham Road Surgery,Fatima Health Centre,228 Garstang Road,Fulwood,Preston,PR2 9QB,Preston North and East,U92975,20191001,Lancashire - Central,PR2 9QB,SD 53184 32578,353184,432578,53.787403,-2.7120574
Greater Preston,P81018,St Fillan's Medical Centre,2 Liverpool Road,Penwortham,,Preston,PR1 0AD,Preston and South Ribble,U49070,20230401,Lancashire - Central,PR1 0AD,SD 52041 28459,352041,428459,53.750281,-2.7287628
Greater Preston,P81040,Longton Health Centre,Franklands,Liverpool Road,Longton,Preston,PR4 5HA,Preston and South Ribble,U49070,20230401,Lancashire - Central,PR4 5HA,SD 48625 25989,348625,425989,53.727756,-2.7801489
Greater Preston,P81046,Parkview Surgery,23-24 Ribblesdale Place,,,Preston,PR1 3NA,Greater Preston Medical Group,U09100,20191001,Lancashire - Central,PR1 3NA,SD 53888 28927,353888,428927,53.754654,-2.700826
Greater Preston,P81055,Berry Lane Medical Centre,Berry Lane,Longridge,,Preston,PR3 3JJ,Preston North and East,U92975,20210401,Lancashire - Central,PR3 3JJ,SD 60445 37407,360445,437407,53.831408,-2.602479
Greater Preston,P81067,The Healthcare Centre,Flintoff Way,Deepdale,,Preston,PR1 5AF,Preston North and East,U92975,20191001,Lancashire - Central,PR1 5AF,SD 54731 31310,354731,431310,53.776145,-2.6883922
Greater Preston,P81071,The New Hall Lane Practice,The Health Centre,Geoffrey Street,,Preston,PR1 5NE,Greater Preston Medical Group,U09100,20191001,Lancashire - Central,PR1 5NE,SD 55278 29824,355278,429824,53.762837,-2.6798768
Greater Preston,P81103,North Preston Medical Practice,Broadway Surgery,2 Broadway,Fulwood,Preston,PR2 9TH,Greater Preston Medical Group,U09100,20191001,Lancashire - Central,PR2 9TH,SD 52984 33016,352984,433016,53.791322,-2.7151598
Greater Preston,P81107,Stonebridge Surgery,Preston Road,Longridge,,Preston,PR3 3AP,Preston North and East,U92975,20210401,Lancashire - Central,PR3 3AP,SD 60062 36982,360062,436982,53.827559,-2.6082426
Greater Preston,P81119,Lane Ends Surgery,200 Tulketh Brow,Ashton-on-Ribble,,Preston,PR2 2JJ,Greater Preston Medical Group,U09100,20191001,Lancashire - Central,PR2 2JJ,SD 52180 30672,352180,430672,53.770182,-2.7269987
Greater Preston,P81169,Fishergate Hill Surgery,50 Fishergate Hill,,,Preston,PR1 8DN,Preston and South Ribble,U49070,20230401,Lancashire - Central,PR1 8DN,SD 52995 28907,352995,428907,53.754394,-2.7143653
Greater Preston,P81179,Lostock Hall Medical Centre,Dardsley House,Brownedge Road,Lostock Hall,Preston,PR5 5AD,Bridgedale Medical Services Limited,U34632,20230401,Lancashire - Central,PR5 5AD,SD 54734 25840,354734,425840,53.726984,-2.6875432
Greater Preston,P81184,Ribbleton Medical Centre,245 Ribbleton Avenue,Ribbleton,,Preston,PR2 6RD,Preston North and East,U92975,20210401,Lancashire - Central,PR2 6RD,SD 56537 31367,356537,431367,53.776811,-2.6609981
Greater Preston,P81185,Riverside Medical Centre,194 Victoria Road,Walton-Le-Dale,,Preston,PR5 4AY,Bridgedale Medical Services Limited,U34632,20191001,Lancashire - Central,PR5 4AY,SD 55762 28181,355762,428181,53.748112,-2.6722995
Greater Preston,P81196,Issa Medical Centre,73 St Gregory Road,,,Preston,PR1 6YA,Preston North and East,U92975,20191001,Lancashire - Central,PR1 6YA,SD 54837 30667,354837,430667,53.770375,-2.6866896
Greater Preston,P81213,Penwortham St.Mary's Medical Group,St. Marys Health Centre,Cop Lane,Penwortham,Preston,PR1 0SR,Greater Preston Medical Group,U09100,20191001,Lancashire - Central,PR1 0SR,SD 51978 28154,351978,428154,53.747534,-2.7296706
Greater Preston,P81647,Gutteridge Medical Centre,Deepdale Road,Deepdale,,Preston,PR1 6LL,Greater Preston Medical Group,U09100,20191001,Lancashire - Central,PR1 6LL,SD 54536 30616,354536,430616,53.76989,-2.6912484
Greater Preston,P81664,Park Medical Practice,Cottam Lane,Ashton,,Preston,PR2 1HR,Greater Preston Medical Group,U09100,20191001,Lancashire - Central,PR2 1HR,SD 51205 30411,351205,430411,53.767746,-2.7417485
Greater Preston,P81685,Dr R Ali,Guttridge Medical Centre,Deepdale Road,Deepdale,Preston,PR1 6LL,Greater Preston Medical Group,U09100,20191001,Lancashire - Central,PR1 6LL,SD 54536 30616,354536,430616,53.76989,-2.6912484
Greater Preston,P81735,Dr A Hussain,Ribble Village Surgery,200 Miller Road,Ribbleton,Preston,PR2 6NH,Preston North and East,U92975,20210401,Lancashire - Central,PR2 6NH,SD 56776 30691,356776,430691,53.770756,-2.6572768
Greater Preston,P81748,Briarwood Medical Centre,514 Blackpool Road,Ashton,,Preston,PR2 1HY,Greater Preston Medical Group,U09100,20191001,Lancashire - Central,PR2 1HY,SD 51589 30629,351589,430629,53.769741,-2.7359577
Greater Preston,P81770,Avenham Lane Practice,Avenham Lane Health Centre,Avenham Lane,Avenham,Preston,PR1 3RG,Preston North and East,U92975,20210401,Lancashire - Central,PR1 3RG,SD 54345 29181,354345,429181,53.756977,-2.6939332
Morecambe Bay,A82003,Ulverston Health Centre,Stanley Street,Ulverston,,South Lakes,LA12 7BT,Mid Furness,U25520,20191001,South Cumbria,LA12 7BT,SD 28469 78683,328469,478683,54.198889,-3.0979709
Morecambe Bay,A82005,Central Lakes Medical Practice,Ambleside Health Centre,Rydal Road,"Ambleside, Cumbria",South Lakes,LA22 9BP,Grange and Lakes,U59570,20191001,South Cumbria,LA22 9BP,NY 37416 04833,337416,504833,54.435043,-2.966341
Morecambe Bay,A82007,Duke Street Surgery,4 Duke Street,Barrow in Furness,Cumbria,Furness,LA14 1LF,Barrow and Millom,U17992,20191001,South Cumbria,LA14 1LF,SD 19937 69065,319937,469065,54.111205,-3.2261656
Morecambe Bay,A82008,Norwood Medical Centre,97-99 Abbey Road,Barrow in Furness,Cumbria,Furness,LA14 5ES,Barrow and Millom,U17992,20191001,South Cumbria,LA14 5ES,SD 20161 69951,320161,469951,54.119201,-3.2229745
Morecambe Bay,A82009,Bridgegate Medical Centre,Winchester Street,Barrow in Furness,Cumbria,Furness,LA13 9SH,Barrow and Millom,U17992,20191001,South Cumbria,LA13 9SH,SD 21085 69393,321085,469393,54.11433,-3.2086955
Morecambe Bay,A82010,Abbey Road Surgery,Alfred Barrow Health Centre,Duke Street,Barrow in Furness,Cumbria,LA14 2LB,Barrow and Millom,U17992,20191001,South Cumbria,LA14 2LB,SD 20025 68922,320025,468922,54.109934,-3.224782
Morecambe Bay,A82025,Captain French Surgery,Gillinggate,Kendal,Cumbria,South Lakes,LA9 4JE,Kendal,U35939,20191001,South Cumbria,LA9 4JE,SD 51410 92243,351410,492243,54.323438,-2.7485625
Morecambe Bay,A82026,The James Cochrane Practice,Helme Chase Surgery,Burton Road,Kendal,South Lakes,LA9 7HR,Kendal,U35939,20191001,South Cumbria,LA9 7HR,SD 52139 91031,352139,491031,54.312616,-2.7371605
Morecambe Bay,A82027,Station House Surgery,Station Road,Kendal,Cumbria,South Lakes,LA9 6SA,Kendal,U35939,20191001,South Cumbria,LA9 6SA,SD 51994 93185,351994,493185,54.331959,-2.7397364
Morecambe Bay,A82030,The Lunesdale Surgery,Kirkby Lonsdale,,,Cumbria,LA6 2HQ,Western Dales,U59980,20191001,South Cumbria,LA6 2HQ,SD 60809 78484,360809,478484,54.2006,-2.6022595
Morecambe Bay,A82033,Waterloo House Surgery,Millom Community Hospital,Lapstone Road,Cumbria,Furness,LA18 4BY,Barrow and Millom,U17992,20191001,South Cumbria,LA18 4BY,SD 17397 79987,317397,479987,54.20894,-3.2680055
Morecambe Bay,A82039,Market Street Medical Practice,92 Market Street,Dalton in Furness,Cumbria,Furness,LA15 8AB,Mid Furness,U25520,20191001,South Cumbria,LA15 8AB,SD 23050 73988,323050,473988,54.155917,-3.1798162
Morecambe Bay,A82046,Windermere Health Centre,Goodley Dale,Windermere,Cumbria,South Lakes,LA23 2EG,Grange and Lakes,U59570,20191001,South Cumbria,LA23 2EG,SD 40759 97642,340759,497642,54.370826,-2.9133735
Morecambe Bay,A82053,Nutwood Medical Practice,The Health Centre ,Kents Bank Road,Grange Over Sands,South Lakes,LA11 7DJ,Grange and Lakes,U59570,20191001,South Cumbria,LA11 7DJ,SD 40347 77294,340347,477294,54.18793,-2.9156496
Morecambe Bay,A82062,Drs Wiejak & Jebur,Alfred Barrow Health Centre,Duke Street,Barrow in Furness,Cumbria,LA14 2LB,Barrow and Millom,U17992,20191001,South Cumbria,LA14 2LB,SD 20025 68922,320025,468922,54.109934,-3.224782
Morecambe Bay,A82068,Dr Johnston & Partners,Ulverston Health Centre,Stanley Street,Ulverston,South Lakes,LA12 7BT,Mid Furness,U25520,20191001,South Cumbria,LA12 7BT,SD 28469 78683,328469,478683,54.198889,-3.0979709
Morecambe Bay,A82070,St Mary's Surgery,Applethwaite,Windermere,Cumbria,South Lakes,LA23 1BA,Grange and Lakes,U59570,20191001,South Cumbria,LA23 1BA,SD 41068 98744,341068,498744,54.380765,-2.9088366
Morecambe Bay,A82071,Burnett Edgar Medical Centre,Central Drive,Walney Island,Barrow in Furness,Furness,LA14 3HY,Barrow and Millom,U17992,20191001,South Cumbria,LA14 3HY,SD 18050 68647,318050,468647,54.107152,-3.2549088
Morecambe Bay,A82072,Risedale Surgery,Alfred Barrow Health Centre,Duke Street,Barrow in Furness,Cumbria,LA14 2LB,Barrow and Millom,U17992,20191001,South Cumbria,LA14 2LB,SD 20025 68922,320025,468922,54.109934,-3.224782
Morecambe Bay,A82077,Liverpool House Surgery,69 Risedale Road,Barrow in Furness,Cumbria,Furness,LA13 9QY,Barrow and Millom,U17992,20191001,South Cumbria,LA13 9QY,SD 21028 69214,321028,469214,54.112713,-3.2095204
Morecambe Bay,A82608,Sedbergh Health Centre,Station Road,Sedbergh,Cumbria,South Lakes,LA10 5DL,Western Dales,U59980,20191001,South Cumbria,LA10 5DL,SD 65280 91997,365280,491997,54.322363,-2.5352983
Morecambe Bay,A82613,Coniston Medical Practice,Wraysdale House,Coniston,Cumbria,South Lakes,LA21 8ER,Grange and Lakes,U59570,20200101,South Cumbria,LA21 8ER,SD 30183 97393,330183,497393,54.367247,-3.0760768
Morecambe Bay,A82629,The Family Practice,26-30 Hartington Street,Barrow in Furness,Cumbria,Furness,LA14 5SL,Barrow and Millom,U17992,20191001,South Cumbria,LA14 5SL,SD 19748 69682,319748,469682,54.11672,-3.2292199
Morecambe Bay,A82647,Cartmel Surgery,Haggs Lane,"Cartmel, Grange-over-Sands",Cumbria,South Lakes,LA11 6PH,Grange and Lakes,U59570,20191001,South Cumbria,LA11 6PH,SD 38316 78574,338316,478574,54.199191,-2.947032
Morecambe Bay,A82650,Haverthwaite Surgery,Backbarrow,Ulverston,Cumbria,South Lakes,LA12 8QF,Grange and Lakes,U59570,20191001,South Cumbria,LA12 8QF,SD 35358 84432,335358,484432,54.251466,-2.9936305
Morecambe Bay,A82651,Duddon Valley Medical Practice,Askew Gate,Kirkby In Furness,Cumbria,,LA17 7TE,Mid Furness,U25520,20191001,South Cumbria,LA17 7TE,SD 22911 82490,322911,482490,54.23229,-3.1841266
Morecambe Bay,B82061,Bentham Medical Practice,Grasmere Drive,High Bentham,Lancaster,South Lakes,LA2 7JP,Western Dales,U59980,20191001,South Cumbria,LA2 7JP,SD 66688 69377,366688,469377,54.119172,-2.5111342
Morecambe Bay,P81002,Lancaster Medical Practice,Lancaster Medical Practice,8 Dalton Square,,Lancaster,LA1 1PN,Lancaster,U19808,20191001,Lancashire - North,LA1 1PN,SD 47904 61586,347904,461586,54.047593,-2.7971415
Morecambe Bay,P81013,Queen Square Medical Practice,Queen Square Surgery,2 Queen Square,Lancaster,Lancaster,LA1 1RP,Lancaster,U19808,20191001,Lancashire - North,LA1 1RP,SD 47650 61436,347650,461436,54.046219,-2.8009944
Morecambe Bay,P81029,Ash Trees Surgery,Market Street,,,Carnforth,LA5 9JU,Carnforth and Milnthorpe,U50573,20191001,Lancashire - North,LA5 9JU,SD 49814 70677,349814,470677,54.129481,-2.7694842
Morecambe Bay,P81113,Park View Surgery,Haverflatts Lane,Milnthorpe,Cumbria,South Lakes,LA7 7PS,Carnforth and Milnthorpe,U50573,20191001,Lancashire - North,LA7 7PS,SD 49825 81605,349825,481605,54.227687,-2.7711414
Morecambe Bay,Y01008,Bay Medical Group,Coastal Medical Group,1 Heysham Road,,Morecambe,LA3 1DA,Bay,U27624,20191001,Lancashire - North,LA3 1DA,SD 42095 63469,342095,463469,54.063894,-2.8862101
West Lancashire,P81014,Ormskirk Medical Practice,18 Derby Street,,,Ormskirk,L39 2BY,Ormskirk,U21757,20191001,Lancashire - Central,L39 2BY,SD 41543 08355,341543,408355,53.56853,-2.8841522
West Lancashire,P81039,Manor Primary Care,Hillside Health Centre,Tanhouse Road,,Skelmersdale,WN8 6DS,Skelmersdale,U45611,20191001,Lancashire - Central,WN8 6DS,SD 49434 06172,349434,406172,53.549732,-2.7646594
West Lancashire,P81041,Parkgate Surgery,28 St Helen's Road,,,Ormskirk,L39 4QR,Ormskirk,U21757,20191001,Lancashire - Central,L39 4QR,SD 41627 07933,341627,407933,53.564747,-2.882805
West Lancashire,P81045,The Elms Practice,The Elms Surgery,16 Derby Street,,Ormskirk,L39 2BY,Ormskirk,U21757,20191001,Lancashire - Central,L39 2BY,SD 41543 08355,341543,408355,53.56853,-2.8841522
West Lancashire,P81084,Hall Green Surgery,164 Ormskirk Road,Upholland,,Skelmersdale,WN8 0AB,Skelmersdale,U45611,20191001,Lancashire - Central,WN8 0AB,SD 50966 05157,350966,405157,53.540755,-2.7413798
West Lancashire,P81096,Parbold Surgery,4 The Green,Parbold,,Wigan,WN8 7DN,Northern Parishes,U67183,20191001,Lancashire - Central,WN8 7DN,SD 48925 10962,348925,410962,53.592733,-2.7731261
West Lancashire,P81112,Beacon Primary Care,Sandy Lane Health Centre,Sandy Lane,,Skelmersdale,WN8 8LA,Skelmersdale,U45611,20200701,Lancashire - Central,WN8 8LA,SD 46651 06249,346651,406249,53.550148,-2.8066717
West Lancashire,P81136,Dr A Bisarya,Sandy Lane Health Centre,Sandy Lane,,Skelmersdale,WN8 8LA,Skelmersdale,U45611,20191001,Lancashire - Central,WN8 8LA,SD 46651 06249,346651,406249,53.550148,-2.8066717
West Lancashire,P81138,Burscough Family Practice,Burscough Health Centre,Stanley Court,Burscough,Ormskirk,L40 4LA,Northern Parishes,U67183,20200101,Lancashire - Central,L40 4LA,SD 44504 12083,344504,412083,53.602357,-2.840112
West Lancashire,P81201,Ashurst Primary Care,Lulworth,Ashurst,,Skelmersdale,WN8 6QS,Skelmersdale,U45611,20191001,Lancashire - Central,WN8 6QS,SD 48916 07677,348916,407677,53.563208,-2.7727233
West Lancashire,P81208,Excel Primary Care,Birleywood Health Centre,Birleywood,,Skelmersdale,WN8 9BW,Skelmersdale,U45611,20191001,Lancashire - Central,WN8 9BW,SD 49804 04896,349804,404896,53.538299,-2.7588704
West Lancashire,P81646,Lathom House Surgery,Burscough Health Centre,"Stanley Court, Lord Street",Burscough,Ormskirk,L40 4LA,Northern Parishes,U67183,20191001,Lancashire - Central,L40 4LA,SD 44504 12083,344504,412083,53.602357,-2.840112
West Lancashire,P81674,Stanley Court Surgery,Burscough Health Centre,"Stanley Court, Lord Street",Burscough,Ormskirk,L40 4LA,Northern Parishes,U67183,20191001,Lancashire - Central,L40 4LA,SD 44504 12083,344504,412083,53.602357,-2.840112
West Lancashire,P81695,Aughton Surgery,19 Town Green Lane,,,Aughton,L39 6SE,Ormskirk,U21757,20191001,Lancashire - Central,L39 6SE,SD 40320 05604,340320,405604,53.543668,-2.9020904
West Lancashire,P81710,Tarleton Group Practice,The Health Centre,Mark Square,Gorse Lane,Tarleton,PR4 6UJ,Northern Parishes,U67183,20191001,Lancashire - Central,PR4 6UJ,SD 45007 20615,345007,420615,53.679089,-2.8340235
